"district_code","country","district_name","total_population","total_households","urban_population","rural_population","population_density","sex_ratio","median_age","dependency_ratio","literacy_rate","primary_completion_rate","secondary_completion_rate","unemployment_rate","formal_employment_rate","poverty_headcount","electricity_access","piped_water_access","improved_sanitation","mobile_phone_coverage","internet_access","health_facilities_per_10000","schools_per_10000","avg_household_size","stunting_rate","infant_mortality_rate","gdp_per_capita","gini_coefficient","census_year","projection_year","data_quality_score","coverage_rate"
"D001","Lesotho","District 1",49639,12107,18845,30794,25,93.0675102782157,24.3917934069298,86.4174871744437,59.7908679766981,75.9983721517861,41.6987431629832,13.474261741602,16.8901700076381,37.3206479536891,67.2988845299669,46.9059719484639,32.1130277889246,67.4553981973505,40.8551564060985,0.809358398552642,3.28944088300874,4.09999313797032,12.9742284799658,31.1183515955376,1124,0.497457770659711,2022,2024,82.8570626822953,96.9443288867775
"D002","DRC","District 2",20185,4511,11172,9013,23,94.3738709310151,26.6233616457353,78.7371807994453,55.0384913065353,63.3431600047656,58.7282628997452,8.16439365809113,65.0421039515513,40.6574231010649,63.8165864852989,26.8755548225876,65.1835109726886,81.4829315476159,13.7205779750589,0.521757145805444,2.48984943271704,4.47489215149544,31.2561136457348,36.6762271722023,5764,0.440886317003393,2022,2024,99.902665844962,78.8548024721155
"D003","Lesotho","District 3",25253,4332,14324,10929,34,96.6877610969951,19.7160038063633,97.3433141238104,28.763032398367,57.6806684609827,37.8084564250906,22.8665688105997,68.3767689145209,19.4323115083182,58.0717056037495,60.7304478616725,64.2012433913599,68.4464320935348,23.3181425517334,1.10530158370717,0.839295256191998,5.82890937141803,24.8293014349164,10.5731285301482,1313,0.5268208713481,2022,2024,82.9404152093288,98.0169967940758
"D004","Eswatini","District 4",40457,8878,10013,30444,85,99.7492964952497,17.4766996297541,69.6004384773004,53.9545138489991,57.0625662238812,83.3243961922715,19.0054161136796,33.5119504770325,21.0358530646686,67.1242683085093,73.1051720495732,68.5179884478117,61.5071937918262,30.3481596151079,1.36981883436067,1.76788800135097,4.55706818377407,34.9550434578328,31.4384304628018,696,0.528607861937886,2022,2024,59.9046830071362,72.3075048813856
"D005","Eswatini","District 5",29720,7676,6786,22934,9,95.6115690698658,24.2966866706166,63.2688432807622,71.2627850712735,45.5439901081774,63.754754778558,26.7327897794329,58.2902538504783,14.2618596338352,52.4157893462928,64.9553388179612,57.4789132626364,84.0523497321408,26.980543193819,3.19332056879171,10.2817078236062,3.87172892615812,35.5164407843589,49.2948621924795,872,0.419879905643405,2022,2024,89.3494346364338,99.1021643953463
"D006","Botswana","District 6",121607,25280,72400,49207,11,95.7440152844606,20.7696077919572,86.2824286119771,69.4649946616789,26.0074268872301,69.3910200267719,44.4923498590483,36.6412776619123,41.283302158509,67.7184585025825,56.7761829784734,70.6944425677131,90.2910943367307,18.8500089541832,2.14176279438807,2.77706263553297,4.81033738157832,24.4681303968196,47.7488777079446,3161,0.419503843197425,2022,2024,86.4991467104846,97.9937208987527
"D007","DRC","District 7",160160,34307,68458,91702,97,93.1165977744236,21.1489654362148,70.7742229821856,36.8045213041135,77.6644109506696,61.1766641374098,28.9237937927448,48.9714940564752,48.787803412033,70.611132215005,47.4301786642278,23.8789841157184,43.8488406508491,23.6889008966251,0.673000508585866,3.90956724381126,4.66843261504939,14.4273263763245,12.808107216755,2815,0.552235938071935,2022,2024,66.6519230163905,96.5738237078208
"D008","Eswatini","District 8",91053,22521,36122,54931,272,95.4772546798423,20.766827683414,77.079475000782,57.7020985165372,86.4577080829288,50.8970406983129,9.75723485592766,21.1824447208898,18.8421420569081,58.2175659596828,39.420896874842,50.5963707923187,78.4307366564764,19.844387160484,1.53865561622769,0.475516432228501,4.04309328119153,35.8740066471145,41.2222840382246,541,0.496027190120415,2022,2024,94.0884652835156,95.7514831604978
"D009","Comoros","District 9",145468,45797,86106,59362,59,100.851013958894,22.5744287546924,102.545916810655,79.6193149644542,91.3291300801837,52.4965835222921,13.1855300697332,25.5367745755003,22.5355467557972,69.8651892545813,22.8736221074632,38.2650309298375,89.6492562279367,36.3668275017974,3.57898343811902,2.44220096925968,3.17639067934707,13.1549793538605,58.3310002731109,1099,0.529466232860112,2022,2024,89.8329093148208,95.4582183495136
"D010","DRC","District 10",96910,22644,59148,37762,184,94.6956128208089,16.2668911268178,70.7661629921606,84.8604409192968,68.3469324234022,57.4361021119415,17.9805803423933,35.5258753949382,27.3241601524332,74.0695450289511,62.6342400647949,81.4212192206561,47.5112664141753,32.2782804356643,2.23108742061793,0.528095143705494,4.27976345689065,21.8179664355902,2.35538497575656,664,0.578335397002842,2022,2024,66.7068230046831,94.724489098244
"D011","Botswana","District 11",84520,20518,15350,69170,30,92.4356411709243,23.166383369235,102.420044814152,34.5848081722049,69.2598152210271,39.0923816728732,20.4647518332004,58.8975036840221,44.5987289062872,76.6911418728093,49.6601841479125,70.7509531309345,52.0707103876426,44.0620678178372,0.186386535319852,6.68627051921242,4.119230220746,33.0924929410499,120.553374930217,2996,0.483149799034422,2022,2024,92.0465024823299,88.4928043637261
"D012","DRC","District 12",96790,19774,60361,36429,4,100.753052522556,28.4136825911897,99.9824363096746,74.2658924901898,51.7256158179576,48.4798380530362,19.6725678955167,49.2682598442746,42.2055164384433,64.2659749977735,66.2982877453902,68.8955824250469,87.2445315389096,13.9263477299534,1.21017640152347,0.663854602892035,4.89490353601942,26.8548259826422,13.1070750000651,2147,0.493880073290691,2022,2024,71.4095183386908,89.3263168151273
"D013","Lesotho","District 13",158883,36012,12546,146337,18,96.5698957828178,22.2221579321147,84.4024202890655,48.545003667032,60.6422112481591,33.9132576152939,12.8689451961186,45.8772544663044,14.205663424037,85.1934585862746,62.6508022532408,59.3373908527926,60.046590526367,35.2691699483748,2.73313091054807,2.82513082528718,4.41194438774238,19.2686992602104,48.9121808620133,915,0.497925149738155,2022,2024,97.9678613289304,88.4127662371932
"D014","Lesotho","District 14",31382,10659,8386,22996,12,94.7165583213173,20.0452481876244,114.686603717685,44.9560400273712,63.1500544973264,32.3461852874627,6.68955802530025,22.3989093787305,23.7925637715144,46.8121000089806,42.5835774979403,69.9133587541995,78.6949475861843,28.9086887005506,2.2269238758477,7.83397548383487,2.94421045511389,28.369258860314,26.3768813864897,526,0.436965126961915,2022,2024,84.8930912611605,88.9424968213331
"D015","Angola","District 15",44596,8706,13996,30600,180,98.3750773374893,21.8348637943041,85.8514880727052,47.091377000051,62.2450860783619,52.7687932217134,6.03430979559925,43.9379768816745,19.2356230795211,48.0840569962731,43.3012231709375,68.9570341008995,79.6527858650976,36.1490410044488,0.306783370097234,3.44909320010655,5.12244197446499,19.6847733800244,16.7957735525104,964,0.542232246377942,2022,2024,73.0550963979071,96.8955908300684
"D016","Comoros","District 16",92717,22391,49294,43423,4,89.9916278971288,18.8850946258822,76.1890031220271,50.8676664160214,81.8107628993245,32.9214579162379,33.8157385505845,37.3829561134146,27.2787245012204,70.4161740083074,29.3359092054728,36.6774046931898,27.4237309775627,13.0979174401014,3.19805622256029,0.834040088477909,4.14080238275576,22.5904966840132,36.2098468802959,588,0.468859746107416,2022,2024,66.2088499044568,80.8998873922627
"D017","Comoros","District 17",79713,17674,25318,54395,80,105.732204633909,19.3613954122271,87.5467976272895,80.6520035921574,56.4830168638425,66.2676966678115,15.6464942829521,54.8188166868541,46.8274569011508,64.6048944812568,35.574787230597,71.7525815790308,53.7839893961737,23.4486163488321,4.07434858257779,1.06762708644552,4.51010919531965,35.8294283510307,23.5404218980168,666,0.472884970669695,2022,2024,65.5112498416434,87.2145406621503
"D018","DRC","District 18",17212,4091,10432,6780,38,86.6359695360935,20.0105473203699,62.1586655698452,72.4027273929357,68.6314813006025,17.0712038052413,25.0596806352939,31.8332063900749,39.5159910551728,51.4330420748765,48.9532753239597,53.5082358370372,73.3197226347918,18.7125168749677,2.18036458219254,2.99254111667299,4.20715408814272,26.3516433848745,17.4953999976506,1049,0.564689215383493,2022,2024,76.956098210124,83.671560117877
"D019","Botswana","District 19",29252,7775,15448,13804,36,91.6353701936674,26.3678424561963,77.854906708712,56.5648400195211,84.6086310423184,34.4642820081864,19.4058484005,40.0477351903906,30.9153522993889,62.375308661723,46.1836883575583,79.5939573110877,85.9271140031595,32.8713276917761,0.158441412210262,2.16662718640751,3.76245428687919,11.6766747618336,30.0866006952883,947,0.510169678776491,2022,2024,64.0859825329611,81.2658370782763
"D020","Angola","District 20",233572,47244,140868,92704,246,97.1683426148992,27.3797241578138,79.4460802186202,48.890535035873,70.2241805218823,55.3237797747231,27.8440385075968,23.1518302613593,22.9132707117286,39.0435113197354,39.6192829021837,52.8224976801087,81.3380883730811,62.0865571816713,3.60878374977724,1.51924331502069,4.9439706640995,30.6426923313907,49.0954655963585,2012,0.560012738805752,2022,2024,75.4832930375188,81.539135852937
"D021","Comoros","District 21",106764,27363,43215,63549,14,104.636295773387,11.1286205682306,81.3846049413663,71.2677576601779,73.5247562393644,64.7655012055255,15.6823977736664,35.9097701377595,6.11382125652861,54.708904753448,39.8008989704459,60.271941064113,69.8551331879985,11.0429009519906,0.275351694550507,3.659952724772,3.90182767460655,57.6545342193107,36.2669823317988,559,0.51478502049411,2022,2024,60.7060151595532,87.7064202260961
"D022","Eswatini","District 22",23429,6071,9943,13486,3,95.8574418653859,25.9871243744207,56.9175977994205,72.4474313687203,60.2503282440474,26.0023872023076,39.6414386771057,19.4612967557689,13.0468750301123,39.9227166643252,71.8253170859998,91.825136943764,69.1138916366542,66.1832339296529,2.42968740500431,1.18820215449928,3.85945681973121,22.456973890271,99.8755790831936,767,0.465197549573021,2022,2024,95.3526293172034,94.6575294548322
"D023","Comoros","District 23",103024,19243,50517,52507,134,86.7962861562895,22.2281106792171,113.545338205881,79.9312087202059,62.912832683063,49.5282693625677,3.32805399761847,50.3873462427374,4.64742707891754,51.8004028652971,62.8139338356445,63.1964923116061,83.852675870125,51.7995543551376,3.04393062187451,2.64355481240786,5.3538963231314,59.3319082132927,136.229350169466,633,0.490532742348486,2022,2024,89.3858835748968,96.589738133417
"D024","Eswatini","District 24",49528,7672,9118,40410,82,104.893274752494,26.2095096591997,82.1983687625614,51.6207295363296,76.5465627720845,54.4950732872198,24.1269079596231,45.3978808343366,49.5299912989228,63.8309477364453,51.6817611660053,67.2539963871764,52.6077586061017,22.7424056233386,2.98760340277672,2.87866051401442,6.4558607171427,15.2839172594335,7.85096832909152,2237,0.53887315089904,2022,2024,78.8855405720054,99.5359611634609
"D025","Lesotho","District 25",35393,9125,4772,30621,22,102.895216576837,18.8013169415419,83.8798794071986,46.1326519590747,82.3520726611192,45.8046625045181,33.788694636179,62.812750503508,20.3816244567366,35.1591543405463,43.8299702892297,54.5193099529498,42.5764180946037,57.2490594983807,2.21252228307687,1.20032729907891,3.87866352223386,14.045347006252,24.5157600825919,611,0.53839422474412,2022,2024,92.530607274556,84.5041865599612
"D026","DRC","District 26",43186,13512,9960,33226,253,97.8586233348558,24.7076291436177,87.5558368098969,47.7468795924455,65.8665659051816,57.863253955181,33.1230112175238,20.488745607883,63.2822691048877,34.8128327524473,45.5838367732569,67.5565326067029,69.3017284897644,21.359491943963,1.72760339430581,2.59166235219803,3.1961550894386,69.1866666589732,33.5879239090356,727,0.44818318738368,2022,2024,87.9426570183543,98.763981500888
"D027","Comoros","District 27",59103,11736,25379,33724,64,93.6621635859708,24.7144620071146,79.5513364741635,72.9207609428131,33.6883545321718,50.8820637936939,27.1876931810001,55.6415671495962,19.6231990623638,67.4604814681213,32.5820771843701,83.0554159386705,70.5302594106147,23.8825614356924,1.23639735444583,2.0279389452729,5.03611152186608,60.7714754151282,116.665865986403,3548,0.443868966376044,2022,2024,55.1106443651708,86.4348415627518
"D028","Botswana","District 28",149495,29974,60904,88591,100,100.943379741017,23.9202079315468,94.2177798102111,53.0136814959778,85.7762430942035,40.1581544228163,10.2929239308443,48.5222787452833,48.5965097841289,86.0874903777317,55.4890168761086,50.0503358474737,80.4870401302729,39.3114049658551,3.70491559126414,1.75961830634711,4.98741522944848,38.3349149339829,52.1215243520881,786,0.472507356831529,2022,2024,42.3155271105125,90.0698170064345
"D029","Comoros","District 29",79472,19011,33607,45865,4,104.562485556208,21.2634007368396,63.734137314175,63.8881755263995,65.8391463897954,40.6924189635963,24.2597693976748,31.2750884338967,43.1309874833073,81.7403770304461,71.9629200487202,65.3221939727499,85.4044850308636,28.084144295411,1.05771427885548,6.51731245483542,4.18029134671145,47.2160033780415,92.3932306944047,927,0.457817994070641,2022,2024,94.6944818548258,71.3568505963176
"D030","Angola","District 30",57830,12203,12378,45452,118,89.2075610007522,23.8309177529263,85.1201471727783,50.4829292994948,86.3478363477353,69.7779646712271,23.6654201245624,48.5083149976441,26.7808933356255,35.8179055250816,60.7340074782605,74.4735690491142,55.6194981658518,31.7619252734594,1.71954495464483,1.65765273475452,4.73888813814518,51.6329159199155,51.4363254263939,1960,0.546057989798743,2022,2024,83.1888495704789,87.9456615803805
"D031","Lesotho","District 31",63171,13626,30981,32190,30,101.186677276063,26.5934253104043,84.1368449061116,38.332510107879,57.5811298884952,54.6375694782057,18.9551874229772,35.7129029681736,23.3765430333915,56.6180191955855,79.6610227555917,61.4714958715217,86.9616420301243,30.138309280163,2.86886199886687,2.1523859666207,4.63607655438933,46.7374818902433,95.6808048559071,1965,0.503119059446977,2022,2024,93.026196378154,95.7397563212843
"D032","Angola","District 32",201466,37232,134556,66910,3,93.6139164821352,24.8103968758438,87.6108665790538,50.4405495020228,68.0555047099286,43.5893490632067,10.5589594626336,67.6064223819032,50.9076117407252,44.1276020923448,51.1717331486664,93.6183348317417,38.6548868464093,31.8389589271627,1.59213088871573,5.49794971582131,5.41108209786622,18.9573081501837,196.634336094986,409,0.45924747203661,2022,2024,85.0893301038229,99.0484908424835
"D033","DRC","District 33",25016,5152,10069,14947,30,96.0701782358841,25.2967449921895,102.310718226556,63.0315615246819,74.8976688000157,54.8928088164463,17.8577338216964,29.1983492178847,42.5091905873648,60.0755753099701,33.9169676588864,73.6228691987832,83.0302621060324,30.2070444591835,1.47480286245442,3.19418270094001,4.85593787514645,44.9859610207374,55.655744438662,2486,0.52875879826935,2022,2024,98.3048045096371,96.4528719730611
"D034","Comoros","District 34",66910,15899,35470,31440,138,98.7073208016985,28.2648182570509,87.2304739215155,50.6067775247146,88.6192136529412,69.2208734544817,1.77252003431526,47.7576618788278,26.9451331899976,55.8230981332062,43.1885586694182,67.2230628105798,74.243756870479,48.142846047771,3.57518832953481,3.28658486888482,4.20837822545363,53.3889735385685,21.4339437127183,956,0.484748358346134,2022,2024,61.6754147668173,95.9189090131141
"D035","DRC","District 35",135228,26243,52531,82697,16,95.8892665214506,17.194225703809,70.6385205207598,50.0785564006427,71.9100042226658,68.3825592222508,36.4838519056843,27.8442774434616,41.7207667075536,74.5582326312111,21.8055047188136,68.7681138868351,77.4573905981997,36.9940271431322,1.93615102955445,3.51809476777053,5.15299488276004,8.4854931688376,28.8451703496024,1467,0.409759354771215,2022,2024,96.4710272794624,87.9980146991098
"D036","DRC","District 36",53066,16482,8531,44535,4,96.116970520448,21.8560882908907,67.7517048510228,41.2409885062936,72.1282871234747,58.1092253116168,22.4001317380275,25.4127032071691,12.1576196291845,74.1936042784995,56.6195601994936,84.3466784066047,66.9550007156118,30.855961355974,5.79040517055122,2.44091828890405,3.21969751193813,19.2737000338001,10.6919996493552,1354,0.490623586314481,2022,2024,77.2596466241356,88.4102540221101
"D037","Botswana","District 37",36550,7409,22321,14229,20,89.1824524866219,24.6241368736362,80.0983796151495,78.2592661050269,75.4047495525642,36.0130151960094,29.5651732896224,32.1531972778983,28.0275532957792,35.1894531609463,39.5330162604238,57.0605364831745,65.0413480031947,35.1430572953149,2.21299085182986,0.576191480313225,4.93291734012222,15.4784395688191,63.2356249804147,1030,0.518027514895759,2022,2024,74.1897060311407,80.8755651293791
"D038","Lesotho","District 38",18404,4182,5565,12839,183,94.3451066708394,18.492781884759,85.0795973634643,66.1408539049194,72.0733781750464,33.8295178561309,6.31940097614564,18.138912959594,34.0886062055292,89.2173453191065,65.2197115276887,72.6008497903469,81.6561385284289,67.1530093600213,0.892694774168861,3.04661355433433,4.40064008439243,58.7638138270715,35.1024278571786,440,0.420490551084239,2022,2024,67.7771513451607,76.8086073114544
"D039","DRC","District 39",42061,10241,18218,23843,48,100.8171769168,26.1731999483492,74.1422456497612,81.2656701012978,73.6128192940574,70.0305959243638,24.2044446750377,33.9702239282924,16.5783502898285,72.7922338975581,55.9957174760565,68.7798223687591,53.685112421287,6.12949147579415,3.82166609655236,2.04883209455897,4.10713259127896,31.6899650049267,38.4404589922287,1246,0.534308231750175,2022,2024,87.9135272631424,72.162747666976
"D040","Lesotho","District 40",55223,15115,4780,50443,24,94.4652937452386,22.6186052604752,66.6381649470852,60.1611280403213,85.0683480531402,42.1391943762332,18.4702717283255,50.2893217985606,48.6809210143063,68.7075296885389,43.8448647517134,69.1294296534691,79.0418734063214,51.7881815363177,1.08005837593621,1.23282602698667,3.65345503949188,10.035507879832,30.8413958178702,979,0.536811979539584,2022,2024,70.5344499963379,90.185064861641
"D041","Eswatini","District 41",48098,10527,21681,26417,75,98.7835526380216,24.7850485494019,116.338966473975,44.3945836642635,83.5299287907564,30.6673705310936,1.9782360615212,27.6884460448795,23.1115333285406,64.3597476192754,76.0569489984087,56.7704839037914,86.1333906505977,46.3086827946248,0.873451085826206,3.88096123467789,4.56895561072969,9.94742949093516,26.1507355097763,1746,0.410145217149193,2022,2024,91.99812225817,90.322497532561
"D042","Comoros","District 42",77228,20966,44441,32787,88,94.8119691067768,21.7635902834859,94.0068720381763,47.4937183834715,69.2404581587859,41.0394444064938,18.2053350280851,41.5232592604344,31.811684472092,67.5970480238082,51.6571750136193,61.73300637052,71.0471520719048,11.284400317035,2.08783051081771,3.79287224912867,3.68348715088338,37.3216353222174,16.6872328284582,944,0.525033154278254,2022,2024,81.9217278259948,96.0434011588736
"D043","DRC","District 43",19382,4556,7034,12348,114,97.0394185645719,23.5030216908189,63.5612973120627,72.3797366702832,57.364753283159,38.3376348577839,14.0469195487218,59.6476184039979,16.2206535232216,55.0695626309772,45.1768660794965,39.8915971662225,80.878347037301,21.3031938328999,0.824704608209462,4.14104453081899,4.25406241751305,13.6592701807694,14.5650418448017,2206,0.511617528643063,2022,2024,79.5211623949858,94.8477129967386
"D044","Lesotho","District 44",40486,6876,20652,19834,65,92.2509148944414,22.4020615486644,68.4571906126465,41.0819303907061,93.8737575712338,65.4697616640609,10.7411105664307,69.8905382453908,33.4009596069333,70.5019012872996,50.6316127154361,58.5749375229935,90.8827000457201,35.1290370578628,0.542028602563124,3.68845523599199,5.88795472140766,12.8414909224852,92.9375834965676,835,0.540961978015726,2022,2024,87.1481082530295,95.282402001556
"D045","Comoros","District 45",93546,25440,71687,21859,45,101.753357666617,26.1167565362207,53.8906369188396,82.0774828444998,71.110918010925,38.04072690296,26.1120698396539,25.4849057274294,26.6459528271532,68.4112978458354,27.1757932038511,34.4889409913155,76.3304105237237,8.01001440949992,0.188950888621843,5.78969911816486,3.67706840736549,12.1624775933942,47.2552169419695,1074,0.467181718370729,2022,2024,82.7229010964813,93.502889651596
"D046","Eswatini","District 46",73178,18470,28289,44889,56,94.818841604502,20.9756188685638,64.0581041121634,38.817600149772,94.6539487720318,34.5168473583516,10.2194702668148,24.9224004250922,14.7537900363748,60.0230559501531,23.2606722052198,49.7597784404926,90.8187722592127,46.8681658049138,0.775431982018962,1.49314535232423,3.96209752643679,33.0229516532299,123.563239855576,831,0.491706362972611,2022,2024,71.6307199639167,61.3398295818668
"D047","Lesotho","District 47",127490,28875,44929,82561,15,103.399630608898,25.4072436140026,102.815255819332,48.0431393557976,76.3431888471912,67.0293224354006,16.2689218843791,11.1729191482339,50.6010102265907,68.6035942061093,61.4508173848247,69.6760366435749,72.1430602383897,6.26780489050715,0.924318161061519,5.13301104701246,4.41519219257137,51.131444460887,44.2267030489071,818,0.575918377763127,2022,2024,91.5149674374821,76.147970936817
"D048","DRC","District 48",197827,46518,83341,114486,182,100.61490498638,21.1457368142035,80.966244294441,81.3752274321282,51.7310456760179,54.6643844104254,4.94860515753741,24.8584814207099,5.88845077003549,55.1384788129068,53.4302599780811,46.0669399644679,77.7641639658816,34.2644225627891,4.79938094270847,3.17700143125431,4.25265900744713,19.1840269192373,36.8650847186303,1471,0.562754573223263,2022,2024,70.84776372219,97.7930403927998
"D049","Lesotho","District 49",63954,16829,6282,57672,70,95.7951371629626,20.8313609794597,55.8383429563055,37.9917747350365,45.3269794571248,30.4169391595594,10.1341294432974,27.886808801816,32.7110527984529,74.3462380827032,56.8313595160954,44.719561163273,85.1096340826274,25.893944636234,2.08818212950003,2.16598452932507,3.80030150221776,41.4912176424722,66.146278694199,4122,0.552840746491758,2022,2024,86.8786725955954,90.280928773208
"D050","DRC","District 50",123881,40523,59189,64692,31,101.51745570368,17.2433293756613,77.4243787985337,64.6496040401712,88.2811685887827,42.3762913190532,3.33920828919367,29.2396038667841,25.9835581475895,44.8829298716307,45.760189770196,56.96074488959,69.8453564848026,18.0286613270096,1.90547028144738,3.78006899278288,3.05708082069005,34.9439485100121,4.95265592608907,1514,0.424769936739483,2022,2024,72.2963452875321,86.7206904975288
"D051","Angola","District 51",51594,11913,21622,29972,15,99.4564567018489,23.8177350405961,67.6230577443306,82.6088904000326,57.6799128696889,61.9995793764127,16.0206608350236,32.818131308529,26.7405638137312,49.7624775502313,54.1743709972909,55.4399391063212,54.0669253629878,18.6128678606861,0.277227091920634,3.7248772095384,4.33081442404396,49.206392757706,29.0218254500784,711,0.484866189828018,2022,2024,68.3502305142957,97.6615428296847
"D052","Lesotho","District 52",95124,23460,19483,75641,24,96.3914778758997,20.5942670189119,74.7961875801309,54.6558150511557,71.4783005123771,15.6694520169161,13.1185349003531,35.637883373483,25.0218747455107,87.599652979933,51.5962213440768,67.541768141171,84.1418198585484,25.1061231832747,3.29541660979138,3.61917427015835,4.05469628980019,32.1475845974109,39.6367220266824,1339,0.471131412150978,2022,2024,71.1163753474167,89.0927416214978
"D053","DRC","District 53",76450,22838,32314,44136,5,101.289779320159,26.7492823573328,98.3048978982471,75.9370153821732,41.4877879679633,42.9742235666597,14.7559130861523,46.2167930243945,5.8853645005864,47.3433773546504,76.7199002712019,45.9643821177859,81.8254006409363,33.3396603514151,0.706734169821933,3.81344626560615,3.34745732990804,24.1949840709826,14.364205474708,1529,0.535873192248577,2022,2024,88.0581004181164,97.4970690432821
"D054","Eswatini","District 54",49805,13178,12277,37528,4,82.6020859726624,23.7883747608262,81.0874969637866,35.5875938925264,69.5559215618547,49.2987321054182,8.11580387451205,15.3735909529655,12.1950004377351,42.4485415695763,41.6961929818285,72.3912630765541,62.0239139290565,57.8487368359229,0.422161291255344,1.69270592747898,3.77938094187974,21.7791494496022,127.365033897123,857,0.524673343067718,2022,2024,74.7629008016932,73.1537728736796
"D055","Lesotho","District 55",56529,17393,17502,39027,30,90.8217316838186,17.8356417081048,81.2535729183677,37.0224982152627,68.2107480543256,53.8952666482139,24.2296512798992,46.3276862616744,30.662175051433,48.9617180036262,31.7857941647275,56.9109819984319,65.5902873218261,61.2701184245611,2.9432754680917,7.23268840015344,3.25019112454757,53.5975380890281,47.5481313570637,1707,0.499234904333118,2022,2024,84.917135698722,86.4641247758286
"D056","DRC","District 56",39346,10763,8293,31053,114,96.6615457696075,26.4278458331605,76.267451265439,80.1072267077358,63.1274353876807,24.5209866063064,27.5250288403222,39.4863053305662,23.6813909931166,62.325752159406,32.0493433060743,60.4476791069233,57.0382665694449,63.2513467294282,1.261359688705,2.62843971920698,3.65567319646038,43.8736607981564,59.5075301441553,1050,0.53083475257747,2022,2024,65.4125318174349,92.3172827703253
"D057","DRC","District 57",46089,9071,12807,33282,9,97.8111369737393,22.667571712264,107.200618142157,61.9329011864755,66.4971679183473,35.3740472889762,20.3357169987727,18.1611291443743,21.2606607748945,49.7101836189667,51.1781156498422,78.9706611941114,70.4301254862259,31.6717138432821,1.70102153098418,2.87228829600246,5.08075712901531,21.0917940057777,38.2402026354829,759,0.51474799393487,2022,2024,94.8820076011674,92.5861336858289
"D058","Angola","District 58",32272,7650,11981,20291,33,96.7645043812438,23.0186798778933,99.3894191729684,72.3380506044594,70.0243233436153,43.0815849691783,8.79223204443443,39.0345420282486,18.8301822569391,73.2222767123856,48.2770685694118,65.0477051571622,52.8564877268788,69.5492366087849,1.3314274828081,1.02990961053924,4.21833064192893,8.64366967117462,35.2251493008178,1078,0.429431672708267,2022,2024,50.6959753847214,78.9657095890685
"D059","Lesotho","District 59",154687,44545,61014,93673,15,92.3758702485508,19.7052344124388,66.9353531884824,72.5298720793983,72.1142426174477,41.7509239473303,6.4280585373252,19.2437228330847,18.5194524290511,61.7948041009636,57.1187234709428,45.3829352608412,56.6128864334226,4.82538490037122,1.00703565539401,3.24821686446221,3.47261952882842,27.6387379094703,30.2337956181629,1137,0.501410622648757,2022,2024,83.8983057404266,95.0999465091193
"D060","Comoros","District 60",53170,21060,21293,31877,14,95.8867090262204,24.1490086548581,95.1603752454062,34.7415986034676,61.4226074743979,57.5263579352488,11.717043611862,75.6067265202673,39.5825671832825,61.7165401371154,48.4475723976515,66.3202428404537,56.7453524975548,23.5255863283274,2.12855352932654,4.98792008240856,2.52469892686046,42.8523799057086,30.5982774514747,958,0.504410507000309,2022,2024,56.1565123742549,84.059130865383
"D061","Eswatini","District 61",37628,9327,10701,26927,230,96.5180375310869,17.644860037669,94.4469552109105,72.4398309209273,88.4714666615402,52.6284053865686,15.8338965486525,29.2795535471228,33.070930007528,49.8745252671808,46.600193292521,56.2369770493503,44.0086775497471,29.3711497842491,1.06551831451868,2.17875295271385,4.03451449623971,43.5766347101846,5.77102662583078,834,0.556805183901661,2022,2024,99.7095860216038,86.4400119554716
"D062","Angola","District 62",37448,9835,18901,18547,12,89.8913961030155,18.5691622088092,93.440653034012,47.3163285106906,64.6356568559758,41.8734801243508,11.3623982416037,38.787871206529,33.9932224696381,66.7151055560958,70.0507100665207,72.1223144018644,81.637911501714,35.8185534098648,1.73026994049242,5.47607859164118,3.8076225732597,25.2012188006683,57.2605870701492,519,0.564312366112014,2022,2024,90.7352070887661,97.3263310235039
"D063","Comoros","District 63",116782,31660,43229,73553,12,95.1038609890553,19.7637307292003,98.5789351619871,62.1639904203893,40.9072194858547,49.304718256493,8.16861087708091,33.5666621861923,18.0975512632074,67.3939757943214,19.0095662525893,66.3203804804034,49.4172056869148,43.7882632124554,2.58579621655879,4.79934308955859,3.68861679294231,32.4362537793044,64.3166322250464,1370,0.443586907918138,2022,2024,79.9175773266812,87.9083987223173
"D064","Lesotho","District 64",19287,7271,6281,13006,87,92.145326754503,26.1477326256763,90.7616992267761,74.7677304667825,81.2287647775263,57.9289143798973,11.6194223588869,36.2330680241036,33.710802892913,53.6166044433835,79.5140141104095,33.3707830629176,47.1507574202516,38.5264970686709,1.16461469456181,1.26943977240142,2.65261357160934,55.9695751839694,11.8908155298338,1978,0.480683111807823,2022,2024,66.9733144274617,93.2717646173231
"D065","Comoros","District 65",113911,31994,46196,67715,3,87.5309296655135,25.4781386609853,91.6770515367616,45.8180189602881,57.6131798943387,33.0010115740771,10.0700965303718,32.8236215651612,42.5544619139793,64.5217939818544,34.6889276365998,27.8931110007635,50.1262078279215,24.4074685291498,1.50870130703737,6.94793964995614,3.56034172976202,32.2736180798032,14.6636500672018,731,0.492823784789351,2022,2024,67.6568371205884,83.6182802424233
"D066","Angola","District 66",42025,9517,20890,21135,149,100.992900855682,22.1473638919643,104.075061966895,71.4324829963566,72.8962733691172,39.4812593153395,31.1993576894452,38.6969313097789,50.8162295816681,44.9473768251069,39.0537512499709,55.9002548656339,60.0545504921518,7.80012460581229,1.09406087105054,2.76029778081961,4.41584001060776,39.1608181731338,54.066059619477,574,0.467863681018751,2022,2024,71.063299787847,83.5381978720388
"D067","Comoros","District 67",37768,8750,17354,20414,33,102.06804599332,17.3940615361639,86.8700381054954,59.5421849764987,55.104882998706,63.9411217505731,10.7287317417936,29.304831807222,20.2599845750655,73.8718073858095,63.2823423201063,80.8972566630779,74.2885077787513,39.6808467673873,3.22238456137513,1.90060848452452,4.3165223908029,42.0023660041225,22.5595526731757,1815,0.491482825082499,2022,2024,97.0245927213104,93.4725643070496
"D068","Eswatini","District 68",22984,5093,10315,12669,13,84.3607061480949,17.7936189801529,63.0121311546675,71.3427887610116,65.4888736801293,52.5089595402338,37.1607591552787,74.3899545938308,23.1583676724454,39.3358884023981,33.3503608076467,69.6626491703826,70.7830313155207,67.0122260641647,5.85842142011328,8.45500682244867,4.51242268057294,42.8139801184241,55.5876385418684,1612,0.48161700878459,2022,2024,89.1729062794894,93.8872164669284
"D069","Botswana","District 69",38677,7156,18830,19847,36,100.991563839561,20.4134354425644,79.9700781628102,84.0687112892422,89.5160141637432,45.6278900312138,16.9333864358095,66.7024473788147,41.9744821539411,78.9904003735254,51.6585025370907,62.2191644271821,80.2941692188916,15.9262487560359,4.56684875233219,8.52975277898357,5.40459597215933,36.0032391244898,39.5471711571827,457,0.484663286356399,2022,2024,91.2327056849323,99.9125154441363
"D070","Comoros","District 70",30074,5477,13366,16708,3,85.0651998597048,24.4781961193994,73.222414444496,83.6753726744575,62.0565351796814,25.0719384119058,26.4563358288342,54.4215446961755,38.5242814022263,24.16623931976,43.1934098041879,52.3921432897645,78.5480825159274,29.3474029510799,3.01922705337644,6.77363645052248,5.49053189602175,40.2336338266131,31.2078012043372,680,0.46043599555344,2022,2024,75.6740056885051,90.95003886134
"D071","DRC","District 71",52423,11496,33018,19405,7,91.6944874580114,13.8603118082958,56.8739645446494,58.400114698155,71.8084782644601,46.038500874018,38.1083654722367,26.3345077299662,23.7590466490797,80.2474888276079,58.8840954297518,77.5135583398969,58.3649343685657,39.6889362811346,7.28938919894888,3.35910821905216,4.5601125249089,31.5840760212535,45.1247715403128,1196,0.432703914365382,2022,2024,58.6671559785144,87.1367395031513
"D072","Eswatini","District 72",98077,25587,33610,64467,53,98.2245555510929,22.3886675272105,67.6074265257734,81.7986451170039,57.7595052410002,37.5458591532275,15.9307421440521,63.9661150621982,16.2738770073868,61.2932243895524,53.5047832813007,57.5658423551145,61.9915516952052,61.6742365291864,2.951740691911,4.09547353326242,3.83312499654447,29.2476199947156,42.5166975856437,367,0.569061580269082,2022,2024,90.4510000556723,93.9693690655623
"D073","Botswana","District 73",73153,13595,35355,37798,3,94.1508049724184,23.5543072288632,64.2299262131656,51.654013930326,49.7746745578553,69.0405253199219,26.959062327426,53.0411473972024,18.4309430613796,47.1614947926875,51.4510253203018,70.54040017725,64.0560821067671,11.5623181466023,0.763022248877773,2.89000481463747,5.38077635785961,38.0834481709906,19.8834819089265,734,0.466899603218965,2022,2024,71.7745851624221,89.8925746171634
"D074","Botswana","District 74",97787,25828,47656,50131,52,95.3201433423194,33.8289842993899,87.7401572592662,56.8878219823667,46.6591773678354,38.0690080399836,33.5624503489124,40.9385618907276,35.2714100256488,35.2977543801716,16.8955651766068,75.2805385513643,74.2795813676415,32.2431162090729,1.16816150686462,2.4330234021503,3.78602485260429,34.5700273554396,66.9022883169644,464,0.529491842892397,2022,2024,76.8273440970193,93.5485307664544
"D075","Eswatini","District 75",19686,5062,10646,9040,34,93.6112325950878,27.4239417491348,74.0945517317156,43.8129449114253,64.4824095351399,71.4661585930442,31.2692631735658,34.8580007348112,52.0750528859315,49.4965494984267,66.1895269190138,50.1705372988057,75.0552906060864,29.1391598054653,1.57515407928201,3.75688190814271,3.8892423620524,42.1116593382498,30.0050173272204,1036,0.479809658902114,2022,2024,77.9984333471296,64.7483557502896
"D076","DRC","District 76",23204,5676,13234,9970,53,90.3638829419322,23.456102929003,92.8177926716382,51.2481150857789,54.4857828700335,59.6992175492299,20.508116736248,45.5531440614812,20.6861705294447,60.3556378937629,67.0122492549747,59.1347628933552,77.2371624413764,15.881626338463,1.37427467267158,5.28270434495517,4.08786313059292,23.6455315352078,56.6433386010215,1261,0.556062307637568,2022,2024,90.9638184465311,85.2212366553506
"D077","Angola","District 77",201470,43853,23143,178327,21,91.2803624191248,20.3273600982334,81.9488460772265,39.4622267719579,37.7465524310419,44.3565759130662,6.62757819076208,22.7406088519427,28.4652390265963,51.9508723747206,35.8236984964116,59.1311330988924,82.6919531585834,32.4633828832538,0.841363436202609,5.54735308624702,4.59420691713748,18.0407045182828,28.6633134112237,984,0.517441941149971,2022,2024,69.310304729329,78.713215173291
"D078","Botswana","District 78",322446,97956,123206,199240,4,95.3050111805422,20.6180851664121,85.5265703353684,81.4488869697208,86.1420934010438,38.5808488782029,24.4116719648395,34.6559097137968,38.8169277136195,27.331232826272,54.3475205052863,37.151943437304,80.0366614155841,21.2125696238375,3.02185218632079,2.87318710737044,3.29175372941385,48.0840770232785,101.566759646433,1197,0.455962739175689,2022,2024,66.1767553123026,76.2619418757016
"D079","Lesotho","District 79",24624,10033,11995,12629,37,96.8078762458257,24.848816161263,110.250848550237,33.2955521141541,45.7663596172416,55.9343764404328,32.36076212078,45.3356097097212,55.9052447590978,44.9982814474373,45.5435120228462,71.7841791523405,79.8111201479586,52.1641172288966,2.18459350707065,1.05127674816175,2.45422311324467,39.1938677853871,52.5875951432362,2792,0.54531048820806,2022,2024,96.3468876477991,85.5588903444464
"D080","Eswatini","District 80",32032,10770,17128,14904,4,97.3663151600735,19.8334132315599,90.0579967136855,30.3463221408905,76.4561692972063,53.265332680295,19.9708869355321,26.0882508423241,19.0354033331989,70.3202399317192,64.8388143449764,41.460358486607,68.6592374967303,24.3130875236618,2.5363660284125,2.95303443935041,2.97418301927003,33.7073259510534,9.97661284819652,1718,0.560055680042247,2022,2024,81.3145273141298,93.848879224592
"D081","Botswana","District 81",39353,8896,9249,30104,219,100.010830064257,23.1398185544975,73.077418334207,48.302512499613,83.438454393957,87.547473021191,47.5464652653902,38.4463550389991,23.3098318814817,64.297242810647,21.9106021784073,36.3440799270047,84.9849353709902,22.1341898956465,2.42073603685898,1.31444331889964,4.42385124756631,35.0937777755607,86.6707729524396,2001,0.449564389922763,2022,2024,82.4879209082013,96.373882257215
"D082","Botswana","District 82",67274,16250,26433,40841,20,100.649092401129,16.1575521685576,73.4756104546441,67.7240344622486,84.8017090284577,29.0466412616799,10.367822420824,24.4210037974937,12.1870920011508,77.8911497779885,72.3638347067425,43.8897023631498,88.9765292831518,26.1000517419987,2.00083746205912,3.62862161312849,4.13987595923093,23.4735500646663,44.7501032135647,1087,0.457347937696499,2022,2024,87.0306380206223,99.2561845657768
"D083","Angola","District 83",17604,4411,3409,14195,33,93.892367373847,20.6769118068566,77.1844961790035,74.5514581620565,70.6031404940873,58.4552818965382,2.82410072046747,31.5398719865745,57.4745020222298,63.0581054275554,66.4029683234348,43.0221797954041,91.4442106047993,13.4177528119439,1.79646482975583,3.05032108742712,3.99134892221964,28.1847356150151,85.4741732731327,440,0.444531423755872,2022,2024,64.3496859635274,69.9729479849433
"D084","Comoros","District 84",58802,15709,30665,28137,2,95.5525298354291,12.4160308099227,57.4654255552003,70.2993833961729,79.2239259008795,59.1197188236673,39.5072043282877,27.2317473507605,9.29233823708223,59.3849690821715,36.9922874874111,73.3256862455154,55.7475778830283,40.7844358300575,0.178375718559274,3.25184829110113,3.74316465044621,17.1544178021672,63.5293344660851,1557,0.46696746962196,2022,2024,93.2394543946354,93.5001266204654
"D085","Lesotho","District 85",43336,13215,12138,31198,23,100.763730687501,18.6446357326874,85.22543049336,45.920895233018,57.8258581500923,38.7341889246625,11.9381791390939,38.3162929040229,30.5281382062336,51.9840814411492,47.9850863829112,76.6919064610513,57.9420772781985,37.650883765982,5.5235377298719,3.66070064373189,3.27935019622132,31.0427693909322,25.7222491736286,1347,0.444473258070455,2022,2024,94.2598718043617,98.8135804819735
"D086","Botswana","District 86",79968,19054,17116,62852,38,99.9710602552797,21.6470486988148,80.0422427796688,88.508398434262,40.4557086235969,55.2755491892918,45.2028339750407,15.0533662410859,42.3103618455555,33.7633616507064,41.8679385427254,53.9884903790669,69.2299418532333,51.1014368664067,3.14407427678736,0.550541393346094,4.19682202079338,26.2298804495477,53.7138922328269,912,0.473255162607662,2022,2024,69.6464723522164,91.4577029772713
"D087","Angola","District 87",64601,41905,38787,25814,5,98.9300146341135,17.1224531063735,69.1304439733393,58.4601164361562,63.5113889033567,48.2097297314162,26.9200701966219,14.4146261931845,21.4187917741177,51.8883207635118,39.6353798376133,81.2947147578306,70.1261908604323,44.0877577048079,1.41394675970724,1.70910310672463,1.54160131885778,8.09509089450598,31.0541745819509,1977,0.584097663313397,2022,2024,82.9603541411572,98.2202167006884
"D088","Comoros","District 88",156023,33141,76194,79829,18,90.8739521552432,24.4199686373537,69.963381275076,65.0090021269386,71.6849591125075,50.855854012345,12.5978793617603,30.6862467354066,50.507710533232,72.0849494918099,49.3242646475953,28.891392568788,74.5846156073037,34.5065486608245,3.33027285385078,0.966358965314327,4.70786769305245,17.3592076658153,135.689523478878,1067,0.49169509337708,2022,2024,88.3428946059384,91.1300922743355
"D089","Eswatini","District 89",66037,13423,17035,49002,36,95.246891967738,32.5417587991105,65.7500442668633,37.4372027904732,70.6340503942058,51.8178713588502,18.6946208850158,30.6811029206416,28.6938945330335,86.7190312145212,50.4046705660367,61.4563431738688,60.6927965510099,22.5519393228363,0.674693877387875,7.2298187113592,4.91950876998585,44.4241282295381,42.0617964392118,2538,0.523605797084684,2022,2024,53.1163576306534,96.2130228843442
"D090","Angola","District 90",99912,22531,34768,65144,21,88.4869046962233,21.971962878408,92.2672040136102,52.4604725619259,81.352315150894,68.5569892428422,38.9221699127652,13.8857744937183,7.32945824802276,62.5324623490392,23.3286654505985,75.6210089232155,88.7885600253072,24.7878014053758,0.53204744443538,1.73209310113095,4.43440535241228,26.8094365046522,38.1230263876786,1516,0.529375299777696,2022,2024,84.6448504024377,92.9424988059867
"D091","Lesotho","District 91",26989,7462,8844,18145,48,89.8747042379849,16.7102621185311,66.0219807939626,53.3379630929904,68.8492521071996,31.3914639213722,13.6738457431893,35.4043079542762,13.8321679702822,51.834391912867,36.2708280766957,70.9896546387879,58.122724752845,39.9112698377745,4.35589273914681,4.54461028386112,3.61690562503381,6.77566715164721,24.8059002238929,736,0.561257629392145,2022,2024,77.6026518054507,94.473798215658
"D092","Angola","District 92",44905,13810,13894,31011,1,89.5129581714788,22.7944389653716,79.2313423875851,75.1487005140019,61.4110391796353,50.2758129755234,28.0708191923701,21.2597590381923,6.03758143905639,80.2418300407337,30.6296600017203,73.0796228832222,66.9990643075075,30.674580982956,2.05721097643913,2.50243995112036,3.25154803270673,24.4744595615233,56.6576302522935,2071,0.429272918495975,2022,2024,84.4989501253993,88.1906040025743
"D093","Eswatini","District 93",90278,17494,53128,37150,14,101.618427414672,22.0496499804342,79.2772459545837,49.1497170363687,72.8677724350924,62.3499306021963,28.1825637281971,47.4374326545753,37.2514522518163,51.4541544119045,36.9689870292106,55.7987953144176,75.4496131476798,30.5514371254297,2.55528442505145,5.56929836459388,5.16044801559625,47.4771780164473,35.9702309200869,693,0.475952960595026,2022,2024,86.7438156831968,99.4616890758605
"D094","Angola","District 94",56953,18146,9073,47880,57,94.9778711974793,24.0508558657578,102.366686716805,56.3552324977537,83.0101109851164,69.6767749302626,14.6312827896609,27.2915292852589,46.3474848239862,45.0501070085965,44.0104555740715,59.8726469556683,75.3296189665865,11.4040261332525,4.21630842617664,1.2949200180081,3.13857861600675,14.7346199646778,19.0853225465007,1812,0.527190337879293,2022,2024,90.5497707671862,95.8123735621305
"D095","Angola","District 95",77321,16213,23256,54065,22,91.5182716915065,19.850178375558,104.819592272696,65.5610156733332,82.1048677006147,51.8394744110051,13.3428376674296,52.264635038806,17.8547516985176,32.0734195436532,70.8042317674428,75.5972319619927,69.0539947253341,16.3290101614168,3.84898606848605,4.92128843789231,4.76894702667322,16.3108421527368,31.8594520611142,1107,0.482123895955243,2022,2024,68.4574682413937,75.7585851159845
"D096","Angola","District 96",221601,59808,34996,186605,105,96.4173995427548,22.9575684769452,94.2934861551327,46.9293785746621,80.7894547656832,51.1293758847595,16.3244371486782,35.4647655364661,24.1185385053699,53.6971178897617,41.6457723836616,74.5021406430862,59.1620061323753,44.9139849616554,0.81697565231541,2.8220285180154,3.70522486515466,39.1363078043815,16.3884930728356,1444,0.50187178973519,2022,2024,84.8556804900762,92.9956234806694
"D097","Botswana","District 97",83313,15205,23211,60102,30,94.4259289877008,24.7688608531799,100.516816605157,74.4784968940516,67.1058576887364,59.6535638758293,10.6323056264735,22.032419290218,44.7595158410604,66.7095345487084,65.4722433174867,46.9713909699674,66.5651177315607,23.6667900586583,0.893258270122462,2.48167965649232,5.47940260136092,25.7865283619441,21.7511258842401,1352,0.541165266537594,2022,2024,87.6773618172032,71.5852334364901
"D098","DRC","District 98",75710,13402,22952,52758,45,93.9145460967399,25.7453064176086,74.2290690449621,57.7470313912502,64.9757734593698,68.8186180264242,13.4707298725231,53.6834868138207,38.9877725129264,75.269753563329,51.3063907179238,62.1901393827386,85.4179694046985,11.9047617916715,0.820965887917058,6.58707090347401,5.64898549431867,54.3103413086739,41.4709399005018,647,0.525237673970562,2022,2024,87.036922200467,88.1419386888963
"D099","Lesotho","District 99",44021,9442,5403,38618,9,91.6543114890944,18.1942276027357,66.6595589381376,56.5379767151806,66.8124657938281,18.5625387325874,46.9859321892536,19.5401729017932,47.0180575520696,62.1936750122167,27.6402317735968,47.2267332330489,68.8827035584273,57.9403295242735,1.11646723987489,5.10668392128223,4.66225242357648,36.6333443222171,39.6908916501989,1446,0.460326681967527,2022,2024,74.8368864538771,85.7248975357216
"D100","Botswana","District 100",20082,4880,12507,7575,11,94.3813236124108,18.3633836921336,83.4770332195511,79.2420912419553,69.7270767253764,51.6574921420989,26.7971308035817,51.9537388137586,32.6264478175361,44.9087815618433,60.4533479495341,77.8603277156982,61.1478438794425,22.9918283754018,0.153962093616028,4.07984193523834,4.11490924674284,41.4452692317115,22.1920960162316,553,0.489698727565476,2022,2024,74.067641020787,95.2805361217777
"D101","Eswatini","District 101",283277,69679,172550,110727,36,92.3018116496008,20.3064931641311,97.9766402460626,19.7644147516307,78.8419537600814,67.3463422915454,15.4117331598827,39.669170845197,14.8655054881566,54.2212252734713,47.2687480857137,45.8474785096326,73.6859652520838,24.6691530321938,1.53337111174555,3.6124568136134,4.06546223664124,54.4418931794115,17.8829825497045,1159,0.463404802060336,2022,2024,95.5406910538447,81.5103934334375
"D102","Comoros","District 102",14562,4494,6404,8158,6,94.2052572071132,21.9217366097203,77.2741837305497,65.3791533803852,48.7180319670665,53.6033981144919,17.6554880981493,45.3848140453209,38.6036534450136,38.5296192944818,74.0975932511389,77.5842388853764,78.2749412267501,27.8370534586642,2.28065584163933,1.05663579906571,3.24011934502908,26.1039419628338,17.665641108387,872,0.523663566900681,2022,2024,82.5334097730667,90.2649418702683
"D103","Angola","District 103",65959,13627,36406,29553,60,93.2561004648547,23.5407051398782,71.269603656981,30.0631969137753,56.187523141722,48.7895096735809,15.4068687768522,28.0941034480523,12.8614664041229,54.2514664073568,43.0960345260809,67.8120894276294,87.0857234069466,49.4384814297502,1.88115449503451,1.55884970942852,4.84024648429494,39.3963799859842,47.3520598845689,365,0.522605206895185,2022,2024,84.4437757190302,99.1051306195291
"D104","Botswana","District 104",63059,16365,33275,29784,10,94.221989147032,23.2620478089205,92.6344824671162,45.9577450613226,75.6630696510398,71.4397795564525,29.4444843475759,32.6018270866519,7.63653300509701,44.8181826746869,68.8884103902353,37.1321875748845,84.6277869873301,27.9244128948753,2.11671288086109,2.1947362512092,3.85327307833206,33.5731099006419,55.0586669022822,1673,0.433435602138303,2022,2024,95.8371249169276,93.5562539339876
"D105","Eswatini","District 105",60632,12832,20865,39767,30,97.0429240478146,17.0838966522275,51.008555577502,74.7082717717979,70.9615663726762,37.1297309863223,20.7262311225594,43.0974284395237,37.7106546769017,77.5504930051491,27.4425280950315,54.8982269405511,49.1865291477512,34.8111787818664,2.21324165103734,2.24881510768472,4.72523024249601,33.2728274687853,58.982348499216,984,0.541093261839851,2022,2024,59.7887797162197,98.5653748209975
"D106","Botswana","District 106",16985,3875,8150,8835,32,104.627566045585,25.599311372206,64.0665645102445,35.4116856206257,75.4375806615297,43.0274032468112,14.5851271492511,25.1037607602503,37.8855522891779,89.6474291162573,64.2930833773048,58.2120718037408,52.3127832093606,34.1308507540985,2.6654511067509,2.07177127711017,4.38326027201011,26.8319236434017,22.6998962764317,845,0.512548601815835,2022,2024,60.5481564826165,92.9442893652006
"D107","Lesotho","District 107",109014,26085,75855,33159,39,92.4639154369233,24.7296488094557,73.1383253481172,50.5283014495385,82.0051416519822,33.6027714602451,15.6169331176643,54.1344909286781,24.4247480488043,65.655016197679,29.4328339702628,78.4470421922667,82.3838225720319,43.6030169453391,0.97341351951203,2.7329508423093,4.17920858948625,31.1699589638392,51.0309015802949,1177,0.4641180724022,2022,2024,91.4154680924737,97.9068638597984
"D108","Eswatini","District 108",17215,4820,6463,10752,32,98.0557763085563,15.7080134745679,70.0388649453069,63.6807844447505,75.4404566872385,61.1541909976257,24.4574093679065,33.7287172229053,28.0418610234559,65.3885331983746,56.2821732258184,71.0957201534441,64.5463211463344,29.9517315464591,2.09239458577686,1.13605967917279,3.5713264800845,27.3818204317986,36.9005725087432,784,0.512796111472129,2022,2024,55.8099049424962,98.5612324833034
"D109","Eswatini","District 109",838022,255546,149845,688177,8,95.0358608073092,22.6398150112347,78.2200884800771,22.1356656448681,67.491126865439,39.6426032416125,15.9164936401243,35.0542140488,9.86835891177472,50.4350012031969,41.6540412376703,82.1469249143783,66.0800208181413,40.1338142613472,1.59901271023145,2.06713319565078,3.27934248881497,17.677025595643,17.8860365967435,1438,0.539548790109336,2022,2024,87.0203120798774,62.6374993350584
"D110","Eswatini","District 110",23897,5762,9069,14828,47,85.0529566713013,16.55422952402,92.7062830978731,31.194125887808,82.9407922994194,39.7474993243142,19.1232521301854,11.4390959832205,26.865136474827,83.5625655349889,57.3143568230559,20.6489017618164,87.0998391737021,33.4084240970985,1.43509701915434,4.15839578047743,4.14723942731259,62.5795391722463,19.0706394557089,1812,0.575910281602858,2022,2024,85.4292398713871,81.1055124252728
"D111","DRC","District 111",52328,12791,17648,34680,11,89.4798279291375,21.5379637133945,75.5438558257297,51.879749866073,76.9398329053452,50.7567360744474,31.5959210323394,42.5653667782285,21.442085544755,48.8540607822163,35.9174796186467,80.2947486127227,85.3729021031719,24.3752115071273,0.507392512005675,2.55489871817829,4.09099076477094,24.3398360514158,22.1033483594909,1515,0.520092958405374,2022,2024,81.2063109309114,74.3832462902964
"D112","Comoros","District 112",182402,54602,32650,149752,37,104.839303525193,14.466302135841,70.3721725355446,41.3276290757953,70.0254549881117,50.3012315750068,23.6938388974825,39.0952881528045,10.9306460353431,74.5168884511055,50.6675446430997,36.9252798673321,73.304789829957,9.37107997964472,2.03699853937645,4.76470524160646,3.34054753695428,28.1010282499437,27.4633615695618,2108,0.475026013052262,2022,2024,89.764920826384,79.1844191337183
"D113","DRC","District 113",12632,3043,7201,5431,12,93.993709293339,21.0158780645263,82.0437684673093,52.5830750642835,78.2376631695068,42.5750147995989,33.9697753413769,27.4582581741809,22.6911604849353,48.943261481169,60.1691440553112,49.0783522181185,71.7811305576006,34.7314702362387,1.9754441788162,1.94961365905211,4.15177790308434,18.5957126936176,39.6278751050287,1499,0.377209929630763,2022,2024,52.290468715218,93.4157427362666
"D114","Angola","District 114",83878,18946,16515,67363,1,100.048524648132,20.7631504301485,103.827917594576,48.0463916614941,63.2168702157846,49.6332557116125,7.560345248589,61.8890241179099,23.9773019979254,64.1372088234886,51.7108462949899,68.0228370685022,55.5708481111277,20.9753713791563,2.84057035081706,2.93804376171351,4.42712325931174,23.8037494857735,4.9599863047677,1254,0.50901979236946,2022,2024,81.1789223653509,83.4440018190049
"D115","Botswana","District 115",107980,25870,37690,70290,83,86.2299828316623,17.818121340682,73.6565391216994,83.0112750810514,87.0655008844948,62.6516815468748,19.2251676682607,51.2756945782378,24.6762657717178,68.0502440251937,62.4550069319912,75.936195903208,77.5915109486633,32.4061264909823,2.21907319627349,2.82298564203545,4.17398527561514,22.4914486685235,13.3235083842559,1532,0.465570576914817,2022,2024,69.1911496449017,95.5323015965297
"D116","Eswatini","District 116",28130,6447,14393,13737,45,93.4354822733664,20.6068789041927,72.8339326510805,77.6595513211499,80.0779316821585,57.17035055717,1.05416150707319,59.9608036002572,26.093068579948,83.9597597152411,53.3775456102988,75.6806229141972,85.5460194447147,36.9833952045126,3.29304585431368,2.94752351104823,4.36346803452093,17.8391732454802,67.9248993056959,493,0.521613418915323,2022,2024,88.3246794737005,98.1247719493928
"D117","Lesotho","District 117",81544,19570,26683,54861,8,90.5711470503357,25.3049554581313,53.3410225330255,78.9315305124214,72.0400667253559,65.8794078921261,12.847472395775,21.8172825772072,7.11044680882341,40.1630601888865,32.4556529712478,34.3106705464886,77.2639803836312,28.3235038698253,1.39086418225323,4.26084582832228,4.16675163785503,42.6507626002407,31.2750802675189,929,0.495165955100714,2022,2024,90.2156779346489,90.3335936547474
"D118","Eswatini","District 118",27421,8003,11625,15796,4,96.5511986706301,22.7557798650792,57.9845913841527,42.0710543282543,73.6993905009913,47.1576716113932,17.6371963310947,23.6965585157492,38.0899706219493,55.3420130108593,45.7939018847319,85.7633335725798,43.4967748452754,27.2696972548037,1.03323829384434,0.602933683834373,3.42628430289152,25.085547785327,55.7800835072519,960,0.502705015450482,2022,2024,80.6320785347569,88.8775189762371
"D119","Botswana","District 119",37548,8192,19838,17710,34,96.5300869964426,21.4946818231952,93.4674305409374,57.4700063285324,99.3022987684498,41.60785735001,38.7530864547906,57.0213109231913,23.657067213416,68.2700994061986,68.357973673367,67.168353327016,34.4159990929611,16.9535369663564,4.20696427206757,1.90899587837218,4.58364157789373,19.0997960763784,11.4111875197516,1361,0.45460469555842,2022,2024,65.2079771915376,99.2026547501133
"D120","Angola","District 120",22078,4639,16364,5714,27,96.4657023565409,20.9517289511957,73.5880809926429,66.6244781953565,72.6383286987286,65.4924837184603,7.20334882102744,50.5502882060417,63.1238634556793,70.3762790361648,25.0841822317711,43.4743480761233,76.5602518720934,32.8516401471457,0.378224544360402,2.04468759698975,4.75895890139319,11.2818793971206,47.6461711594206,797,0.518348958586175,2022,2024,83.4224581543678,98.8507274184418
"D121","Comoros","District 121",52848,10523,8854,43994,204,94.494840406575,21.2671425449078,98.976074191293,39.5157228377346,93.1767845752366,33.4288015838615,5.04051653873618,23.7526126191818,26.6799099762774,64.4195963888636,67.9158970308189,71.6007824256997,80.5315134696763,19.0112604747319,3.26845268470796,2.90414776770651,5.02225782836985,50.7274608984616,13.1545454344281,313,0.518033744373033,2022,2024,86.0866961264657,99.4996324248991
"D122","Comoros","District 122",65504,14171,43771,21733,14,91.877759669956,30.9945721440425,62.8208356797101,82.7070362154156,68.2214585260008,37.7326816478916,24.0849084451694,53.8988483391438,30.294081199509,54.30732820685,67.7766125736216,80.3409957627486,70.7279447930883,36.778799690319,3.07436377963979,3.88361466350427,4.62227281091196,20.2821231879203,57.4574136691708,429,0.466441333226071,2022,2024,87.3190866164826,88.6351423444259
"D123","Botswana","District 123",136483,29511,65258,71225,41,90.822685855202,14.6077345889515,69.7938304234064,35.8977948857517,55.6051090111523,67.1994607711012,45.2079625940083,32.4745429165081,15.5764698611945,51.0377382698662,49.6138296247096,65.8245946190654,71.7192354092379,9.00453157442782,0.410667977870959,2.68178613150422,4.62474045618001,49.2014292427603,5.98742079862475,2761,0.530328128869792,2022,2024,90.2652151800908,82.4084306548986
"D124","Angola","District 124",38731,9153,12268,26463,16,96.2605012885382,15.6279668989273,68.747335592792,51.0298448760504,67.2828027000058,70.9983888535963,11.0200973197959,24.042541869608,18.5576158810615,65.9076122154787,42.3066209149927,63.3352740814779,80.3173574014847,23.1653959833604,0.377427862111871,3.23335277506,4.23164922488094,15.4431266889713,64.6805699614872,1246,0.455058749734919,2022,2024,65.5702059344413,91.4808637084387
"D125","Angola","District 125",28967,8419,8709,20258,8,91.5418131539211,26.5033337326426,82.5069914247174,75.5558091728034,78.4938783723028,61.1135854784599,8.51135973658599,43.4297803909486,13.7968660329201,61.1709764957409,47.6845339185294,77.5594712518894,75.6534391490335,14.1546476590702,0.0676437595803965,2.25142840443203,3.44049471558096,30.6861882564647,38.3928877060167,2822,0.492660659001957,2022,2024,80.2115658236928,95.9778829131248
"D126","Angola","District 126",60967,13604,29340,31627,15,100.231084943343,19.0939224191367,84.9128545232003,74.6174111406946,55.140638000697,69.916350687802,19.3159476060839,43.6765170188351,30.4092171599078,46.4462631186055,78.6490920111456,79.2191471972769,87.4339118510127,25.415456722565,2.73941203386195,1.15864764756585,4.48162114049535,34.0046826743889,11.1691130998253,2658,0.461854750801887,2022,2024,65.0630762202344,90.4405777879435
"D127","Lesotho","District 127",156853,46156,65717,91136,56,95.0812712393513,22.1472046411101,97.4492847579842,81.0777412995342,76.1289813968596,58.8321779045505,21.5426951753333,45.1606936312,20.4804791192425,44.9264059796275,65.2350907560928,63.502953990731,54.5359418735053,53.0571613079534,1.70998150913472,1.82390144995746,3.39834601723827,13.8092031547767,12.8535696501609,714,0.434155839443848,2022,2024,86.8751014558688,84.4639834691271
"D128","DRC","District 128",120602,27967,67120,53482,68,93.9232864314973,25.6889755033696,78.1626435994002,58.05820280363,58.6625095591346,41.4223952333887,5.77397043488139,28.7396402042636,71.8089436717992,25.9240394392476,37.2566317941059,72.3191081054954,74.3954210884969,26.6540442102254,1.70275088687835,4.2862996754729,4.31234761620939,20.357968149043,69.1261204655362,871,0.439673396371822,2022,2024,83.480628097261,95.5782437400864
"D129","Angola","District 129",27327,8904,8600,18727,11,93.2318352486577,17.9503466599237,85.6860662075199,53.7969824869768,49.0291616079468,41.0632258274821,5.52758616984941,28.1936711745526,29.1984434202346,59.1819389184911,55.0475243732671,40.4686210631812,63.6672210639353,53.9256486198823,3.38876883279654,1.97481335797546,3.0691418544082,34.6465813000761,41.8002095872822,1606,0.517609532212211,2022,2024,69.6741889624039,98.6071204733889
"D130","Comoros","District 130",19478,5821,8035,11443,23,92.3116474691207,31.1513161300299,105.20236622717,44.0238789537497,48.7464760013643,55.8252592698135,7.10342436646341,35.650866401278,20.9620223763199,60.3579764048866,45.3436397012832,88.4033729139741,58.8219332713036,30.7303126672085,1.48244035351433,4.42996622837362,3.34601041763,22.6768769359252,42.7457626076256,1417,0.530491981745143,2022,2024,76.6102523811057,77.3146433904966
"D131","Angola","District 131",19741,5875,6269,13472,5,94.0813727273319,24.9730381581808,85.6049057040963,71.9448305198156,50.9891208909039,45.4645668527479,6.0505789508471,40.3148360135356,10.4017304657079,56.1794579815149,66.8683520475486,47.096682988178,59.6052150764336,33.7723453823446,0.409621699761481,7.20000063226792,3.36044166759665,6.33439373325659,84.2338801425189,447,0.558300775993437,2022,2024,65.1437055252429,88.503481970036
"D132","Botswana","District 132",34337,7830,9131,25206,18,92.528551049225,21.935871981598,84.6299931353707,62.5219434684662,77.7134335951864,59.2556825067794,10.8532830321789,24.5890477357896,65.2278157355483,66.0291732568167,52.5148027767773,35.9239600513802,82.1815567740871,46.631396918414,3.61631213194818,2.88687049298898,4.38547291551953,23.8391776322915,77.5083862809602,662,0.512039975892175,2022,2024,95.2190648371766,89.2436330060571
"D133","Botswana","District 133",64432,14806,29759,34673,74,97.4766861960448,19.1675216699381,23.432589035468,69.4265724536081,60.8314313012442,30.9767836930261,18.6284781714311,52.2601337457678,50.4280044472366,54.7595168311761,44.8705097223669,46.5963455103816,77.9714811195214,17.3981649985621,0.833931162910069,0.536832162683607,4.35179300104355,16.0550010436829,75.6072269114409,1405,0.489413587377186,2022,2024,84.2917232410495,95.0116155933197
"D134","Lesotho","District 134",97470,24983,38348,59122,21,85.729916358308,25.2565051438006,82.1471540593888,64.1452896357337,83.5164623561686,35.1930387441687,16.4184521842524,28.484356799618,21.4951062607295,71.0292778514438,38.6705503071564,40.3536880699643,66.7727065328471,54.8463441913167,0.687694056371516,3.61037898033542,3.90151796886108,22.3024661552156,19.0020554388377,605,0.487041506143588,2022,2024,95.8961365660054,99.1728229518313
"D135","DRC","District 135",284704,55714,139476,145228,76,98.065238807855,21.0979246447726,83.5954383420148,59.1047288113634,64.2560645831779,63.7328087725791,14.0499521394741,40.6093003101673,29.4883758338311,60.124867612878,41.0091129179345,68.9485440152907,63.6585497728751,37.9047535415869,3.58836607350121,0.378495433960623,5.11008989006785,11.0004095048726,23.8657005662423,383,0.482788243553534,2022,2024,80.2289441395308,97.6145879716484
"D136","DRC","District 136",31500,7027,17393,14107,134,93.2436023502975,27.8754098599136,90.1927708646505,53.0667000885889,59.8989258163534,27.3098889657704,12.0758241139168,37.6415927054896,26.3084055898021,68.3254748871355,47.2659899190735,59.1119207461624,82.3329153637583,33.4288686990714,1.91507518958706,3.17477975137547,4.48301328712566,27.2136406810994,26.4659108666977,1033,0.428881401086041,2022,2024,75.7674021457419,83.6409371421798
"D137","DRC","District 137",25784,6380,12978,12806,21,98.900474005561,23.8152800471695,84.4849036292791,41.3434807362727,53.6048180017777,48.3714151264782,2.64100291123354,48.3739495728969,18.6084044202473,49.4593431602345,49.4158935450804,61.1750357990885,79.9359310488319,19.9493895630422,3.25652796910995,1.8524056395215,4.04150257414863,32.1864730561225,87.8407014509998,1250,0.464475550680025,2022,2024,46.303319992725,99.5348655257151
"D138","Comoros","District 138",53190,13492,17523,35667,4,92.2934561585456,21.7484318276095,83.1022801342999,72.6966190201164,65.2751862035155,46.9886081664479,33.4654713672299,33.5093518764251,38.9102863810127,81.6106729192777,25.8921059479299,59.3080605366682,77.9101037241881,36.6685486141563,1.28449295784035,4.88753309126127,3.94243385220087,22.3231870400249,20.2489445262358,1754,0.546487344737931,2022,2024,70.5332553691999,87.4850002823538
"D139","Botswana","District 139",15335,4596,7694,7641,55,100.154238427678,20.6969768981138,77.8496722071458,74.0520374933599,86.0091119465361,40.8192401510095,16.5310499355494,38.9849685807753,40.5170799633503,76.3856371279017,41.6822275320783,74.6915923031753,59.9699585194348,7.589220259704,2.5861232208045,2.13934832826956,3.33684145840125,30.6817343438194,16.2461542756859,3365,0.391497907053246,2022,2024,75.2619967203682,65.9763774601347
"D140","Lesotho","District 140",58711,15975,27834,30877,57,86.3758259372271,25.746479381986,90.3142833199833,43.8899750256747,67.0692348392176,53.3812098665374,18.8006841982072,41.6172147746383,30.2997607378815,35.5422447579181,51.9142475253676,48.1781971732675,75.9172454506229,35.4568480453798,3.65402149747115,0.687372579325239,3.67513533267527,26.3124848132584,16.0639506066696,2938,0.557716249956729,2022,2024,99.0422348381286,99.2098681620171
"D141","Eswatini","District 141",111557,22917,68731,42826,12,102.357351463232,13.9997068063872,66.3935321560629,72.9650680448002,70.2557114146383,59.9312874809083,6.04280420239522,19.5722497679413,33.2363675283455,56.6077657085822,38.9263698297406,62.3044577563248,70.070711626446,42.9991275758232,1.0931060743055,2.69588097034777,4.86794960452145,26.3511282294663,35.6751712147033,2479,0.506567434443767,2022,2024,77.4432470152204,87.8087412725793
"D142","DRC","District 142",17687,4595,8566,9121,78,83.2002299703713,21.9727944252151,50.3856697723022,86.6216760122608,87.5273242226579,53.1174981589502,9.01464425083727,49.6610899988055,23.4475009078398,58.0341987579748,76.1986390578933,58.6035735909654,87.7511595725152,43.7975806091822,2.72342276254311,2.86837474784399,3.84907375367262,16.6584546879001,67.7245542353009,2443,0.47033106532686,2022,2024,92.770098112733,98.5105007983665
"D143","Comoros","District 143",45749,10666,16201,29548,53,103.767587054012,28.1283580852843,105.769376038609,56.0611960380193,62.7635226546799,37.6387995899644,12.8500934823455,55.5061152306301,46.7354013834652,61.9572354235613,54.4988384439972,39.4237040895497,80.0542083356521,39.1580249875955,3.55051553833234,3.5440832895896,4.28928816005492,45.873800317672,25.9448957146891,1854,0.478951137845176,2022,2024,79.2067781291398,86.4007451208667
"D144","Eswatini","District 144",148249,33273,30506,117743,19,87.4018683339786,21.9031120660114,109.080080922965,53.4757263434883,85.3638322867796,62.5684080280005,30.2694880744102,45.5839200430041,41.6544384151497,83.9026437980468,58.7876289331725,52.1159921953175,86.901804185952,11.376345040977,0.20793161438635,6.25521497053198,4.45554161334479,23.7594715574951,26.9718449896456,1007,0.540684979134991,2022,2024,87.9737105334143,93.6975797782693
"D145","Eswatini","District 145",102803,30963,9765,93038,62,91.9874820807589,16.3441233168623,72.5483798947345,86.0679466610595,57.7969547298955,65.6434738430488,29.1522365106182,53.4325902228078,31.9972270603809,81.3187950540554,40.7228793774214,77.4695266323543,51.5460080571515,18.7236542754873,0.309501656530516,2.8080080981033,3.32022708502367,53.6538916710553,84.0391092429696,810,0.591000704554445,2022,2024,58.3883139823434,98.2216210481927
"D146","Eswatini","District 146",156288,61822,60228,96060,75,89.2485777736625,22.3636695761721,102.18712860148,48.3111494692724,88.7183647858279,22.1296493312303,6.78905795131232,31.3366294364346,32.6654019489758,60.5184455101991,74.289566170202,84.6339129368125,72.1355388087124,63.6029270244247,2.99948843051698,1.17912771599928,2.52801168500245,49.5080581775404,62.4833014229634,1271,0.599184301456143,2022,2024,52.4624980835034,92.9991803443877
"D147","Eswatini","District 147",55238,10168,29763,25475,12,97.5059085770489,20.1862682995562,108.275343705005,66.4593738688373,67.0438126822228,48.3785272286552,16.276453117822,36.3800266359507,62.5649318009691,35.9889600421801,54.6602893021622,77.8204329543856,81.4920720803982,56.063104167915,0.0649895992993481,7.6989190056999,5.43229784442457,17.7942571112921,25.2657998020929,1258,0.467636940305831,2022,2024,52.0402311763781,93.8330753230708
"D148","DRC","District 148",32504,8868,16054,16450,3,95.8991528234956,22.4797355274085,78.9346170690217,80.7257569072092,70.9419154550134,62.0826449347111,46.5723040427617,47.7193274311172,6.88413537312542,34.5201070142476,68.2060396477063,57.3827756009004,64.0212486792427,35.3686839016263,2.81997929886367,2.97145663269096,3.66535705466686,28.5171110331004,65.5519634569367,716,0.502303358344545,2022,2024,90.0650984359153,96.4481340082368
"D149","Lesotho","District 149",193377,41402,82132,111245,95,100.986636470387,25.5035967418209,59.3471364617085,50.884141612609,68.3601007421574,51.8114423135141,17.2316348092614,35.0945321405746,25.0051848209907,35.3736576029537,52.8972378836978,73.4531138788591,71.8419399735049,35.7595962080176,2.34997605094686,2.12047440861982,4.6707540390456,40.3330492935364,52.6090400170923,1083,0.448667473171511,2022,2024,72.316865978983,99.6506649535374
"D150","Eswatini","District 150",94375,17902,50172,44203,14,100.08372699881,21.3772985825985,80.6116673222036,59.4180305311925,89.2805048386861,34.7372707884509,29.7577674144659,55.2458290024335,22.6072638268935,76.916915828081,72.4186126702373,57.4614344414938,78.8924149130728,20.8812051791371,1.36816142881345,2.11139090299417,5.27177794430532,15.9357675333179,67.651246721245,310,0.510360410137585,2022,2024,71.1174058506192,99.1063255960678
